{
  "project_info": {
    "project_number": "371519252022",
    "project_id": "e-commerce-ff1fb",
    "storage_bucket": "e-commerce-ff1fb.appspot.com"
  },
  "client": [
    {
      "client_info": {
        "mobilesdk_app_id": "1:371519252022:android:199ef60835b963be97da97",
        "android_client_info": {
          "package_name": "com.example.ecommerce"
        }
      },
      "oauth_client": [],
      "api_key": [
        {
          "current_key": "AIzaSyCykAw2YLGFfexV8LbSBQ8S8gQOUndbmk0"
        }
      ],
      "services": {
        "appinvite_service": {
          "other_platform_oauth_client": []
        }
      }
    }
  ],
  "configuration_version": "1"
}